"Titel"	"Nennungen"
"()"	2460
"Fallout 4 (2015)"	331
"Counter-Strike: Global Offensive (2012)"	228
"The Witcher III: Wild Hunt (2015)"	176
"Grand Theft Auto V (2013)"	162
"The Elder Scrolls V: Skyrim (2011)"	97
"Killing Floor 2 (2015)"	97
"Rocket League (2015)"	86
"PayDay 2 (2013)"	83
"League of Legends (2009)"	68
"Call of Duty: Black Ops III (2015)"	64
"Battlefield 4 (2013)"	64
"Dota 2 (2013)"	61
"StarCraft II: Wings of Liberty (2010)"	58
"Just Cause 3 (2015)"	58
"Minecraft (2010)"	53
"Borderlands 2 (2012)"	52
"Star Wars: Battlefront (2004)"	50
"Dying Light (2015)"	50
"Assassin's Creed: Syndicate (2015)"	48
"The Binding of Isaac: Rebirth (2014)"	46
"Team Fortress 2 (2007)"	45
"Diablo III (2012)"	45
"Hearthstone: Heroes of Warcraft (2014)"	43
"World of Warcraft (2005)"	42
"Fallout: New Vegas (2010)"	42
"Half-Life 2 (2004)"	39
"Sid Meier's Civilization V (2011)"	38
"Heroes of the Storm (2015)"	36
"Far Cry 4 (2014)"	36
"Cities: Skylines (2015)"	36
"ArmA III (2013)"	36
"Left 4 Dead 2 (2009)"	35
"Life is Strange (2015)"	34
"Warhammer: End Times - Vermintide (2015)"	32
"Mad Max (2015)"	32
"Ark: Survival Evolved (2015)"	32
"Europa Universalis IV (2013)"	31
"Tom Clancy's Rainbow Six Siege (2015)"	30
"Dragon Age: Inquisition (2014)"	30
"Euro Truck Simulator 2 (2012)"	29
"Warframe (2013)"	26
"Terraria (2011)"	26
"Batman: Arkham Knight (2015)"	25
"Metal Gear Solid V: The Phantom Pain (2015)"	24
"Garry's Mod (2006)"	24
"Kerbal Space Program (2012)"	23
"Star Wars: The Old Republic (2011)"	22
"Dark Souls II (2014)"	22
"Clicker Heroes (2015)"	22
"World of Warships (2015)"	21
"War Thunder (2012)"	21
"Elite: Dangerous (2014)"	21
"Age of Empires II HD (2013)"	21
"Fallout 3 (2008)"	20
"XCOM: Enemy Unknown (2012)"	19
"The Elder Scrolls Online (2014)"	19
"(???) Metal Gear Solid V ()"	19
"Mass Effect 3 (2012)"	19
"Counter-Strike (2003)"	19
"World of Tanks (2011)"	18
"Star Citizen (2013)"	18
"Counter-Strike: Source (2004)"	18
"Company of Heroes 2 (2013)"	18
"Anno 2205 (2015)"	18
"Wolfenstein: The New Order (2014)"	17
"Undertale (2015)"	17
"Tomb Raider featuring Lara Croft (1996)"	17
"The Binding of Isaac (2011)"	17
"Prison Architect (2013)"	17
"Dark Souls (2011)"	17
"Bloodborne (2015)"	17
"7 Days to Die (2013)"	17
"Total War: Attila (2015)"	16
"The Crew (2014)"	16
"Project CARS (2015)"	16
"Guild Wars 2 (2012)"	16
"Gothic II (2003)"	16
"Dishonored: Die Maske des Zorns (2012)"	16
"Battlefield 3 (2011)"	16
"The Evil Within (2014)"	15
"Space Engieeners (2013)"	15
"Mass Effect (2007)"	15
"Deus Ex: Human Revolution (2011)"	15
"DayZ (2013)"	15
"Xenoblade Chronicles X (2015)"	14
"Fifa 16 (2015)"	14
"Don't Starve (2014)"	14
"Dead Island (2011)"	14
"Call of Duty: Black Ops II (2012)"	14
"Borderlands (2009)"	14
"Assassin's Creed IV: Black Flag (2013)"	14
"Saints Row IV (2013)"	13
"Pillars of Eternity (2016)"	13
"Mount & Blade: Warband (2010)"	13
"Grim Dawn (2016)"	13
"FIFA 16 (2015)"	13
"Crusader Kings II (2012)"	13
"Clash of Clans (2012)"	13
"The Witcher 2: Assassins of Kings (2011)"	12
"Path of Exile (2013)"	12
"Mittelerde: Mordors Schatten (2014)"	12
"Grand Theft Auto: San Andreas (2007)"	12
"Game of Thrones (2012)"	12
"Borderlands: The Pre-Sequel! (2015)"	12
"The Witcher (2007)"	11
"Resident Evil 5 (2009)"	11
"Portal 2 (2011)"	11
"Mortal Kombat X (2015)"	11
"Final Fantasy XIV Online: A Realm Reborn (2013)"	11
"Divinity: Original Sin (2014)"	11
"Bioshock (2008)"	11
"ARK: Survival Evolved (2015)"	11
"Wolfenstein: The Old Blood (2015)"	10
"Total War: Rome II (2013)"	10
"Smite (2014)"	10
"Ryse: Son of Rome (2013)"	10
"Postal 2 (2007)"	10
"Life Is Strange (2015)"	10
"Killing Floor (2009)"	10
"Just Cause 2 (2010)"	10
"Gothic 3 (2006)"	10
"Gettysburg: Armored Warfare (2012)"	10
"Die Sims 4 (2014)"	10
"Broforce (2016)"	10
"Battlefield: Hardline (2015)"	10
"Age of Empires II: The Age of Kings (1999)"	10
"Tales from the Borderlands (2014)"	9
"Super Smash Bros 4 (2014)"	9
"Rising Storm (2013)"	9
"Gothic (2001)"	9
"Dirty Bomb (2015)"	9
"Dirt Rally (2015)"	9
"Company of Heroes (2006)"	9
"ArmA II (2009)"	9
"AdVenture Capitalist (2015)"	9
"Wasteland 2 (2014)"	8
"Warhammer 40,000: Dawn of War II (2010)"	8
"Uncharted: The Nathan Drake Collection (2015)"	8
"The Wolf Among Us (2014)"	8
"The Elder Scrolls III: Morrowind (2002)"	8
"Tales of Zestiria (2015)"	8
"Star Wars: Knights of the Old Republic II - The Sith Lords (2004)"	8
"South Park: Der Stab der Wahrheit (2014)"	8
"Sniper Elite III (2014)"	8
"Shadow Warrior (1997)"	8
"Risen (2012)"	8
"Ori and The Blind Forest (2015)"	8
"Hatred (2015)"	8
"GRID: Autosport (2014)"	8
"GRAV: Action Survival (2015)"	8
"Far Cry 3 (2012)"	8
"Endless Legend (2014)"	8
"Dead Island: Riptide (2013)"	8
"Call of Duty: Modern Warfare 3 (2011)"	8
"Call of Duty: Modern Warfare 2 (2009)"	8
"Banished (2014)"	8
"Assassin's Creed: Unity (2014)"	8
"(???) Assassin's Creed ()"	8
"Anno 2070 (2012)"	8
"Watch_Dogs (2014)"	7
"Verdun (2015)"	7
"This War of Mine (2015)"	7
"(???) The Walking Dead ()"	7
"The Talos Principle (2014)"	7
"The Elder Scrolls IV: Oblivion (2006)"	7
"Supreme Commander: Forged Alliance (2011)"	7
"Super Mario Maker (2015)"	7
"Spintires: Offroad Truck-Simulator (2014)"	7
"Rust (2013)"	7
"Quake III Arena (1999)"	7
"Portal (2007)"	7
"Pokémon X (2013)"	7
"Planetside 2 (2013)"	7
"MechWarrior Online (2013)"	7
"LYNE (2014)"	7
"Landwirtschafts-Simulator 2015 (2015)"	7
"Hyperdimension Neptunia Re;Birth1 (2014)"	7
"Hitman: Absolution (2012)"	7
"Grand Theft Auto IV (2008)"	7
"FIFA 15 (2014)"	7
"Fallout (1997)"	7
"Evolve (2015)"	7
"Dragon Age: Origins (2009)"	7
"(???) Battlefield ()"	7
"Assassin's Creed III (2012)"	7
"Adventure Capitalist (2015)"	7
"XCOM: Enemy Within (2013)"	6
"Victor Vran (2015)"	6
"Tropico 5 (2014)"	6
"Trine 2 (2011)"	6
"TrackMania 2 (2011)"	6
"Total War: Shogun 2 (2011)"	6
"The Forest (2014)"	6
"Star Wars: Knights of the Old Republic (2003)"	6
"Star Trek Online (2010)"	6
"Starcraft (1998)"	6
"SOMA (2015)"	6
"Sleeping Dogs (2012)"	6
"Sid Meier's Civilization: Beyond Earth (2014)"	6
"Saints Row: The Third (2011)"	6
"Rise of the Tomb Raider (2016)"	6
"Neverwinter Nights 2 (2006)"	6
"Life is Feudal: Your Own (2014)"	6
"Left 4 Dead (2008)"	6
"Heroes & Generals (2014)"	6
"Helldivers (2015)"	6
"Hand of Fate (2015)"	6
"Halo 5: Guardians (2015)"	6
"Goat Simulator (2015)"	6
"FTL: Faster Than Light (2012)"	6
"Final Fantasy XIII (2010)"	6
"EVE Online (2006)"	6
"don't starve together (2014)"	6
"darkest dungeon (2015)"	6
"Chivalry: Medieval Warfare (2012)"	6
"Call of Duty: Black Ops (2010)"	6
"Call of Duty: Advanced Warfare (2014)"	6
"Call of Duty (2003)"	6
"BioShock Infinite (2013)"	6
"Battlefield 2 (2005)"	6
"Batman: Arkham Asylum (2009)"	6
"Assetto Corsa (2014)"	6
"Anno 1404 (2009)"	6
"Age of Empires III (2005)"	6
"Zombie Army Trilogy (2015)"	5
"Wolfenstein (2009)"	5
"Warhammer 40,000: Dawn of War (2004)"	5
"Warcraft III: Reign of Chaos (2002)"	5
"Tropico 4 (2011)"	5
"Tom Clancy's Splinter Cell: Blacklist (2013)"	5
"The Binding of Isaac: Afterbirth (2015)"	5
"Tabletop Simulator (2015)"	5
"Supreme Commander 2 (2010)"	5
"Star Wars: Battlefront II (2009)"	5
"Starbound (2013)"	5
"S.T.A.L.K.E.R.: Shadow of Chernobyl (2007)"	5
"Splatoon (2015)"	5
"Sid Meier's Civilization IV (2005)"	5
"Risen 3: Titan Lords (2014)"	5
"Risen 2: Dark Waters (2012)"	5
"Quizduell (2012)"	5
"Osu! (2007)"	5
"One Finger Death Punch (2013)"	5
"Metro: Last Light (2013)"	5
"METAL GEAR SOLID V: THE PHANTOM PAIN (2015)"	5
"Max Payne 3 (2012)"	5
"Mass Effect 2 (2010)"	5
"Mario Kart 8 (2014)"	5
"Mafia II (2010)"	5
"Hyperdimension Neptunia Re;Birth3: V Generation (2015)"	5
"hard west (2015)"	5
"Half-Life (1998)"	5
"GRID 2 (2013)"	5
"F.E.A.R.: First Encounter Assault Recon (2005)"	5
"Fallout: Shelter (2015)"	5
"Empire: Total War (2009)"	5
"Dreamfall Chapters: Book One - Reborn (2014)"	5
"Dragon Quest Heroes (2015)"	5
"Dragon Age II (2011)"	5
"Dirt 3 (2011)"	5
"Digital Combat Simulator: A-10C Warthog (2011)"	5
"Devil May Cry (2001)"	5
"Destiny (2014)"	5
"Deponia (2012)"	5
"Deadpool (2013)"	5
"Day of Defeat: Source (2005)"	5
"Crysis 3 (2013)"	5
"Brawlhalla (2015)"	5
"Biohazard: The Darkside Chronicles (2010)"	5
"Batman: Arkham Origins (2013)"	5
"Assassin's Creed II (2009)"	5
"Animal Crossing: New Leaf (2013)"	5
"(???) Zombie Army Trilogy ()"	4
"(???) X-Com ()"	4
"WWE 2K16 (2016)"	4
"Worms (1995)"	4
"Until Dawn (2015)"	4
"Transistor (2014)"	4
"Torchlight II (2012)"	4
"Titanfall (2014)"	4
"Time Clickers (2015)"	4
"The Simpsons: Springfield (0)"	4
"The Secret World (2012)"	4
"The Long Dark (2014)"	4
"The Legend of Zelda: Majora's Mask (2000)"	4
"The Last of Us (2013)"	4
"The Elder Scrolls Online: Tamriel Unlimited (2015)"	4
"The Battle for Wesnoth (2005)"	4
"Subnautica (2014)"	4
"Stasis (2015)"	4
"Squad (2015)"	4
"Sniper Elite V2 (2013)"	4
"Shadowrun Hong Kong (2015)"	4
"Serious Sam 3: BFE (2011)"	4
"Satellite Reign (2014)"	4
"Rocksmith 2014 (2013)"	4
"Return to Castle Wolfenstein (2001)"	4
"Resident Evil: Revelations 2 (2015)"	4
"Rage (2011)"	4
"RaceRoom Racing Experience (2013)"	4
"Quake Live (2009)"	4
"Planetbase (2015)"	4
"Plague Inc.: Evolved (2012)"	4
"Need for Speed (2015)"	4
"Nation Red (2009)"	4
"Mark of the Ninja (2012)"	4
"Lords of the Fallen (2014)"	4
"Life is strange (2015)"	4
"h1z1 (2015)"	4
"Grand Theft Auto (1998)"	4
"fallout 4 (2015)"	4
"Enslaved: Odyssey to the West (2011)"	4
"Dungeon Defenders II (2014)"	4
"Duke Nukem 3D (2013)"	4
"Doom 3 (2005)"	4
"Doom (2016)"	4
"distance (2014)"	4
"Die Sims 3 (2010)"	4
"Diablo II (2000)"	4
"Der Herr der Ringe Online: Schatten von Angmar (2007)"	4
"Depth (2014)"	4
"Dead Rising 3 (2013)"	4
"Crysis 2 (2011)"	4
"Crysis (2007)"	4
"Crypt of the NecroDancer (2015)"	4
"Contagion (2013)"	4
"Child of Light (2014)"	4
"Call of Duty: Ghosts (2013)"	4
"Bulletstorm (2011)"	4
"Brütal Legend (2009)"	4
"Brothers: A Tale of Two Sons (2013)"	4
"Boom Beach (2014)"	4
"Assassin's Creed: Rogue (2014)"	4
"Assassin's Creed: Brotherhood (2010)"	4
"Alien: Isolation (2014)"	4
"Way of the Samurai 4 (2012)"	3
"Wargame: Red Dragon (2014)"	3
"Viscera Cleanup Detail (2014)"	3
"Valkyria Chronicles (2008)"	3
"Unreal Tournament 2015 (2015)"	3
"Unreal Tournament 2004 (2004)"	3
"Unreal Tournament (1999)"	3
"Uncharted 3: Drake's Deception (2011)"	3
"Ultra Street Fighter IV (2014)"	3
"Turok: Dinosaur Hunter (1997)"	3
"Total War: ATTILA (2015)"	3
"Tomb Raider (2013)"	3
"The Order: 1886 (2015)"	3
"The Legend of Zelda: Ocarina of Time (1998)"	3
"(???) The Legend of Zelda ()"	3
"The Darkness II (2012)"	3
"The Banner Saga (2014)"	3
"Stronghold: Crusader II (2014)"	3
"stranded deep (2015)"	3
"State of Decay (2013)"	3
"Star Wars: Republic Commando (2005)"	3
"Star Wars: Empire at War (2006)"	3
"Speedrunners (2013)"	3
"Sonic & All-Stars Racing Transformed (2012)"	3
"Solitär (2008)"	3
"Sniper: Ghost Warrior 2 (2013)"	3
"Skullgirls (2012)"	3
"Sins of a Solar Empire (2008)"	3
"Road Redemption (2014)"	3
"Risk of Rain (2013)"	3
"Remember Me (2013)"	3
"Reign of Kings (2015)"	3
"Reflex (2013)"	3
"Red Faction (2001)"	3
"Rebel Galaxy (2016)"	3
"Quake (1996)"	3
"Primal Carnage: Extinction (2015)"	3
"Pokémon: Alpha Saphir (2014)"	3
"(???) Pokémon ()"	3
"Pinball FX2 (2010)"	3
"Pflanzen gegen Zombies 2 (0)"	3
"Party Hard (2016)"	3
"One Piece: Pirate Warriors 3 (2015)"	3
"OMSI 2 (2013)"	3
"Nuclear Throne (2013)"	3
"No More Room In Hell (2013)"	3
"Neverwinter Nights (2006)"	3
"Never Alone (Kisima Ingitchuna) (2014)"	3
"Need for Speed: Undercover (2008)"	3
"Need for Speed: No Limits (2015)"	3
"NBA 2K16 (2015)"	3
"Natural Selection 2 (2012)"	3
"Monster Hunter 4 Ultimate (2015)"	3
"Might & Magic: Heroes VII (2015)"	3
"Metro 2033 (2010)"	3
"Metal Gear Rising: Revengeance (2013)"	3
"Men of War: Assault Squad 2 (2014)"	3
"(???) Magic: The Gathering ()"	3
"Magicka (2011)"	3
"Lightning Returns: Final Fantasy XIII (2015)"	3
"LEGO Jurassic World (2015)"	3
"L.A. Noire (2011)"	3
"iRacing.com (2015)"	3
"Hyrule Warriors (2014)"	3
"Hyperdimension Neptunia Re;Birth2: Sisters Generation (2015)"	3
"HuniePop (2015)"	3
"Hotline Miami 2: Wrong Number (2015)"	3
"Hero Siege (2014)"	3
"Hacknet (2015)"	3
"Gas Guzzlers Extreme (2013)"	3
"Forza Motorsport 6 (2015)"	3
"FORCED (2013)"	3
"Fire Emblem: Awakening (2013)"	3
"(???) Fifa ()"	3
"FIFA 14 (2013)"	3
"Euro Truck Simulator (2008)"	3
"dying light (2015)"	3
"Dungeon of the Endless (2014)"	3
"Driveclub (2014)"	3
"Doorkickers (2014)"	3
"Die Sims 2 (2004)"	3
"Darksiders II (2012)"	3
"Dark Project: Der Meisterdieb (1998)"	3
"Chroma Squad (2015)"	3
"Call of Duty: World at War (2008)"	3
"Bloodborne: The Old Hunters (2015)"	3
"BioShock 2 (2010)"	3
"Beyond: Two Souls (2015)"	3
"Battlefield: Bad Company 2 (2010)"	3
"Batman: Arkham City (2011)"	3
"Axiom Verge (2015)"	3
"Awesomenauts (2012)"	3
"Assassin's Creed: Revelations (2011)"	3
"Age of Wonders III (2014)"	3
"Act of Aggression (2015)"	3
"Zombie Driver HD (2013)"	2
"X³: Terran Conflict (2008)"	2
"X³: Albion Prelude (2011)"	2
"WWE 2k15 (2014)"	2
"World of Warplanes (2013)"	2
"WildStar (2014)"	2
"Warhammer 40,000: Space Marine (2011)"	2
"Victoria II (2010)"	2
"Unepic (2014)"	2
"(???) Uncharted ()"	2
"Trine (2009)"	2
"Train Simulator 2016 (2015)"	2
"TowerFall: Ascension (2014)"	2
"Toukiden: Kiwami (2015)"	2
"To the Moon (2012)"	2
"(???) Total War ()"	2
"Total Annihilation (1997)"	2
"Tom Clancy's Rainbow Six (1998)"	2
"Tom Clancy's Ghost Recon: Future Soldier (2012)"	2
"Threes! (2014)"	2
"The Vanishing of Ethan Carter (2015)"	2
"The Ultimate Doom (1994)"	2
"The Secret of Monkey Island: Special Edition (2010)"	2
"The Pinball Arcade (2014)"	2
"The Operative: No One Lives Forever (2000)"	2
"The Night of the Rabbit (2013)"	2
"The Legend of Zelda: The Wind Waker (2003)"	2
"The Incredible Adventures of Van Helsing (2013)"	2
"theHunter: Primal (2015)"	2
"The Exiled Realm of Arborea (2011)"	2
"The Book of Unwritten Tales 2 (2014)"	2
"The Book of Unwritten Tales (2009)"	2
"The Beginner's Guide (2015)"	2
"Test Drive: Unlimited 2 (2011)"	2
"Teslagrad (2014)"	2
"Tearaway Unfolded (2015)"	2
"Tearaway (2013)"	2
"Team Fortress Classic (2005)"	2
"Tales of Zesteria (2015)"	2
"System Shock 2 (2013)"	2
"Sword Coast Legends (2015)"	2
"Super Meat Boy (2015)"	2
"Super Mario World (1992)"	2
"Sunless Sea (2014)"	2
"Summoners War: Sky Arena (0)"	2
"Stronghold: Kingdoms (2012)"	2
"Stronghold: Crusader (2002)"	2
"State of Decay: Year One Survival Edition (2016)"	2
"Star Wars: Jedi Knight II - Jedi Outcast (2002)"	2
"Star Wars: Dark Forces (1995)"	2
"(???) Star Wars ()"	2
"StarCraft II: Legacy of the Void (2015)"	2
"StarCraft: Brood War (2000)"	2
"S.T.A.L.K.E.R.: Clear Sky (2008)"	2
"Spelunky (2009)"	2
"Spec Ops: The Line (2012)"	2
"Space Engineers (2013)"	2
"SpaceChem (2011)"	2
"Sim City (2013)"	2
"Shadowrun: Dragonfall (2014)"	2
"Serious Sam HD: The First Encounter (2011)"	2
"Saints Row: Gat out of Hell (2015)"	2
"Sacred 2: Fallen Angel (2009)"	2
"Sacred (2004)"	2
"R.U.S.E. (2010)"	2
"RollerCoaster Tycoon 2 (2004)"	2
"rocket league (2015)"	2
"Robocraft (2014)"	2
"Rift (2011)"	2
"Resident Evil / biohazard HD REMASTER (2015)"	2
"Resident Evil 6 (2012)"	2
"Resident Evil 4 (2007)"	2
"Renowned Explorers - International Society (2015)"	2
"Red Faction: Guerrilla (2009)"	2
"Recettear: An Item Shop's Tale (2010)"	2
"Race The Sun (2014)"	2
"Race 07: Official WTCC Game (2009)"	2
"Q.U.B.E. (2011)"	2
"Pro Evolution Soccer 2016 (2015)"	2
"Pro Evolution Soccer 2015 (2014)"	2
"plants vs. zombies (2009)"	2
"Plague Inc. (2012)"	2
"Paladins (2016)"	2
"Painkiller: Hell & Damnation (2012)"	2
"overwatch (2016)"	2
"Outlast (2014)"	2
"Oddworld: New'n'Tasty - Alf's Escape (2015)"	2
"Need for Speed: Hot Pursuit (2010)"	2
"NBA 2k15 (2014)"	2
"Napoleon: Total War (2010)"	2
"Mortal Kombat (Komplete Edition) (2012)"	2
"Modern Combat 5 (2015)"	2
"Mirror's Edge (2008)"	2
"Might & Magic: Clash of Heroes (2011)"	2
"Microsoft Minesweeper (2013)"	2
"Microsoft Flight Simulator X (0)"	2
"Memoria (2013)"	2
"Medieval II: Total War (2000)"	2
"(???) Mass Effect Trilogy ()"	2
"Mario Tennis: Ultra Smash (2015)"	2
"Mario Kart Wii (2008)"	2
"(???) Mario Kart ()"	2
"Magic: The Gathering - Duels of the Planeswalkers 2014 (2013)"	2
"Magicka 2 (2015)"	2
"MADDEN NFL 16 (2015)"	2
"Lovers in a Dangerous Spacetime (2015)"	2
"LittleBigPlanet 3 (2014)"	2
"LittleBigPlanet (2008)"	2
"(???) LEGO Star Wars ()"	2
"LEGO Marvel Super Heroes (2013)"	2
"LEGO Dimensions (2015)"	2
"LEGO Der Herr der Ringe (2012)"	2
"LEGO Batman 3: Beyond Gotham (2014)"	2
"Legend of Grimrock (2012)"	2
"(???) lara croft ()"	2
"Knights of Pen and Paper 2 (2015)"	2
"(???) Just Cause 4 ()"	2
"Just Cause (2006)"	2
"Jazzpunk (2014)"	2
"Icewind Dale: Enhanced Edition (2015)"	2
"(???) Hyperdimension Neptunia ()"	2
"Huniepop (2015)"	2
"Human Resource Machine (2015)"	2
"How to Survive (2013)"	2
"Hotline Miami (2013)"	2
"Homeworld Remastered (2015)"	2
"Hitman Go (2014)"	2
"Her Story (2015)"	2
"Heroes of Might and Magic III: The Restoration of Erathia (2006)"	2
"HELLDIVERS (2015)"	2
"helldivers (2015)"	2
"Hearts of Iron III (2009)"	2
"Gratuitous Space Battles 2 (2015)"	2
"Gone Home (2014)"	2
"Gods Will Be Watching (2014)"	2
"Gnomoria (2013)"	2
"Geometry Dash (2013)"	2
"Gems of War (2015)"	2
"Freedom Wars (2014)"	2
"Forza Motorsport 5 (2013)"	2
"FlatOut 2 (2006)"	2
"Fistful of Frags (2014)"	2
"Fishing Planet (2015)"	2
"Final Fantasy VI (1999)"	2
"Final Fantasy (2008)"	2
"FIFA 98: Die WM-Qualifikation (1997)"	2
"Far Cry 2 (2008)"	2
"Family Guy: Mission Sachensuche (0)"	2
"Fallout 2 (1998)"	2
"Fairy Fencer F (2015)"	2
"Evoland: A Short Story of Adventure Video Games Evolution (2013)"	2
"Evil Genius (2004)"	2
"Empyrion - Galactic Survival (2015)"	2
"Empire Earth II (2005)"	2
"Emily is Away (2015)"	2
"Edna bricht aus (2011)"	2
"Dying light (2015)"	2
"Dungeons II (2015)"	2
"Dungeon Siege II (2005)"	2
"Dungeons & Dragons: Neverwinter (2013)"	2
"Dungeons & Dragons: Baldur's Gate - Enhanced Edition (2013)"	2
"Dr. Langeskov, The Tiger, and The Terribly Cursed Emerald: A Whirlwind Heist (2015)"	2
"Doom 3: BFG Edition (2006)"	2
"Doom (2016) (2016)"	2
"Divinity: Original Sin - Enhanced Edition (2015)"	2
"Disgaea 5: Alliance of Vengeance (2015)"	2
"DiRT Showdown (2012)"	2
"DiRT Rally (2015)"	2
"DiRT Ralley (2015)"	2
"Die Siedler IV (2001)"	2
"Diablo (1996)"	2
"Devilian (2015)"	2
"Deus Ex (2000)"	2
"Deponia: The Complete Journey (2016)"	2
"Demon's Souls (2010)"	2
"Dead Space 3 (2013)"	2
"Dead Space 2 (2011)"	2
"Dead Space (2008)"	2
"Dead Rising 2 (2010)"	2
"Deadlight (2012)"	2
"Day of Defeat (2003)"	2
"Das Schwarze Auge: Satinavs Ketten (2012)"	2
"Das Schwarze Auge: Blackguards (2014)"	2
"Darksiders (2010)"	2
"Creativerse (2014)"	2
"Contradiction (2015)"	2
"Command & Conquer: Generals (2003)"	2
"Catlateral Damage (2015)"	2
"Castle Crashers (2008)"	2
"Car Mechanic Simulator 2015 (2015)"	2
"Candy Crush Saga (2012)"	2
"Call of Duty 4: Modern Warfare (2007)"	2
"Call of Duty 2 (2005)"	2
"Buzz Aldrin's Space Program Manager (2014)"	2
"Blood Bowl 2 (2015)"	2
"Blade & Soul (2016)"	2
"Black Mirror II (2014)"	2
"Black Mirror (2009)"	2
"Beyond Eyes (2015)"	2
"Bedlam (1996)"	2
"BattleBlock Theater (2013)"	2
"Bastion (2011)"	2
"Baphomets Fluch 5 (2016)"	2
"Baldur's Gate II: Schatten von Amn (2006)"	2
"A.V.A - Alliance of Valiant Arms (2011)"	2
"Apotheon (2015)"	2
"Anno 1701 (2006)"	2
"Alone in the Dark: The New Nightmare (2001)"	2
"Alan Wake (2012)"	2
"Age of Empires (1997)"	2
"0 A.D. (2015)"	2
"Ziggurat (2016)"	1
"Zafehouse: Diaries (2013)"	1
"Ys: The Oath in Felghana (2010)"	1
"Ys Origin (2006)"	1
"Yoshi's Woolly World (2015)"	1
"Year Walk (2015)"	1
"Yakuza 5 (2015)"	1
"(???) X-Plane ()"	1
"Xenoblade Chronicles 3D (2015)"	1
"Xenoblade Chronicles (2011)"	1
"X-Blades (2009)"	1
"X³: Reunion (2006)"	1
"Wurm Unlimited ()"	1
"Wurm Online ()"	1
"WRC: Powerslide (2014)"	1
"(???) WoWs ()"	1
"Worms: Revolution (2012)"	1
"Worms: Clan Wars (2015)"	1
"Worms Armageddon (2013)"	1
"World Of Warships (2015)"	1
"World of warships (2015)"	1
"world of warships (2015)"	1
"World of Diving ()"	1
"World in Conflict: Soviet Assault (2009)"	1
"Wordament (2012)"	1
"(???) Witcher 4 ()"	1
"Wingsuit Pro ()"	1
"Wing Commander II (2011)"	1
"Windward ()"	1
"(???) wfw3f3w ()"	1
"Wer Wird Reich ()"	1
"Wasteland 2: Director's Cut (2015)"	1
"War of the Roses (2012)"	1
"Warhammer 40,000: Space Hulk ()"	1
"Warhammer 40,000: Dawn of War - Soulstorm (2008)"	1
"Wargame: Airland Battle (2013)"	1
"(???) VR-Demos ()"	1
"Voxelands ()"	1
"Völgarr the Viking (2014)"	1
"Vojjna v Nebe: 1917 (2009)"	1
"Virtua Tennis 4 (2011)"	1
"Virtual Pool 4 (2015)"	1
"Viridi ()"	1
"Vintage Year (2014)"	1
"Vindictus (2010)"	1
"Venetica (2011)"	1
"(???) Van Helsing: Final Cut ()"	1
"Vampire: The Masquerade - Bloodlines (2004)"	1
"Valkyria Chronicles II (2010)"	1
"Valiant: Resurrection ()"	1
"Valiant Hearts: The Great War (2014)"	1
"Unreal (1998)"	1
"Universe Sandbox ² ()"	1
"Uncharted: Drakes Schicksal (2007)"	1
"Uncanny Valley ()"	1
"Ultimate NES Remix (2014)"	1
"(???) ufc ()"	1
"Tyrant Unleashed ()"	1
"TwoDots ()"	1
"Turok 2: Seeds of Evil (1998)"	1
"Trove (2015)"	1
"Tribes: Ascend (2012)"	1
"Trials: Fusion (2014)"	1
"Trials: Evolution (2012)"	1
"Transformice ()"	1
"(???) Train Simulator ()"	1
"TrackMania United (2007)"	1
"TOXIKK (2015)"	1
"Tower Wars (2012)"	1
"Tom Clancy's Splinter Cell (2002)"	1
"Titan Souls ()"	1
"Titan Quest (0)"	1
"TIS-100 ()"	1
"Ticket to Ride (2012)"	1
"Thief: Deadly Shadows (2004)"	1
"The World Ends with You (2008)"	1
"The Witcher Battle Arena ()"	1
"The Witcher Adventure Game (2014)"	1
"The Whispered World (2012)"	1
"The War Z (2012)"	1
"The Walking Dead: Road to Survival ()"	1
"The Walking Dead No Man's Land ()"	1
"The Stanley Parable (2013)"	1
"The Simpsons: Tapped Out ()"	1
"The Silent Age ()"	1
"The Secret of Monkey Island (1990)"	1
"The Room Three ()"	1
"The Room (2012)"	1
"The Red Solstice (2015)"	1
"The Raven: Vermächtnis eines Meisterdiebs ()"	1
"The Park (2016)"	1
"The Old Tree ()"	1
"The Old City: Leviathan ()"	1
"The Novelist (2013)"	1
"The Lost Crown ()"	1
"The Lord of the Rings Online (2012)"	1
"The LEGO Movie Videogame (2014)"	1
"The Legend of Zelda: Spirit Tracks (2009)"	1
"The Legend of Zelda: Link's Awakening (1993)"	1
"The Legend of Zelda: A Link to the Past (2002)"	1
"The Legend of Zelda: A Link between Worlds (2013)"	1
"The Legend of Heroes: Trails in the Sky SC (2015)"	1
"The Legend of Heroes: Trails in the Sky (2011)"	1
"The Last of Us Remastered (2014)"	1
"The Last NightMary - A Lenda do Cabeça de Cuia ()"	1
"The Last Dream ()"	1
"THE KING OF FIGHTERS '98 ULTIMATE MATCH FINAL EDITION ()"	1
"(???) The Jackbox Party Pack 1/2 ()"	1
"The Incredible Adventures of Van Helsing III (2015)"	1
"The Idolmaster: Cinderella Girls Starlight Stage ()"	1
"The Haunted: Hells Reach (2011)"	1
"The Elder Scrolls Adventures: Redguard (2015)"	1
"The Devil on G-String ()"	1
"The Curious Expedition (2015)"	1
"The Chronicles of Riddick: Escape from Butcher Bay (2004)"	1
"The Book of Unwritten Tales: The Critter Chronicles (2012)"	1
"The Book of Legends (2014)"	1
"The Black Watchmen ()"	1
"Thea: The Awakening (2015)"	1
"The Amazing Spider-Man (0)"	1
"The Albino Hunter (2015)"	1
"The Age of Decadence ()"	1
"Tetris (0)"	1
"Test Drive Unlimited 2 ()"	1
"Terranigma (1996)"	1
"Tembo the Badass Elephant (2015)"	1
"Technobabylon (2015)"	1
"Tap Titans ()"	1
"Tap Tap Infinity ()"	1
"Talisman Digital Edition (2014)"	1
"Tales of Xillia 2 (2014)"	1
"Tales of Symphonia (2003)"	1
"Tales of Grace F ()"	1
"Take On Mars ()"	1
"(???) t34t32tgf34 ()"	1
"System Shock Remastered ()"	1
"Syndicate (2012)"	1
"Symphony (2012)"	1
"Syder Arcade (2013)"	1
"Surgeon Simulator 2013 (2013)"	1
"Supreme Commander: Forged Alliance Forever ()"	1
"Super Trench Attack! (2014)"	1
"Super Sudoku ()"	1
"Super Stardust Ultra ()"	1
"Super Smash Bros. (1999)"	1
"(???) Super Smash Bros. ()"	1
"Supernova ()"	1
"(???) Super Mario Spiele ()"	1
"Super Mario Galaxy (2007)"	1
"Super Hexagon (2012)"	1
"Sunset Overdrive (2014)"	1
"Suikoden II (1998)"	1
"Suikoden (1996)"	1
"Sudoku Daily ()"	1
"(???) Sudoku ()"	1
"Styx: Master of Shadows (2014)"	1
"Stronghold: Crusader HD ()"	1
"Street Fighter X Tekken (2012)"	1
"Street Fighter (1992)"	1
"Stonehearth (2015)"	1
"Stock Car Extreme ()"	1
"Still Life (2007)"	1
"Steel Ocean ()"	1
"Stealth Inc 2: A Game of Clones (2015)"	1
"State of Decay: YOSE ()"	1
"State of Decay: Lifeline (2014)"	1
"Star Wars: X-Wing vs. Tie Fighter (1997)"	1
"Star Wars: X-Wing Alliance (1999)"	1
"Star Wars: X-Wing (1994)"	1
"Star Wars: The Force Unleashed (2008)"	1
"Star Wars: Starfighter (2002)"	1
"Star Wars: Jedi Knight - Jedi Academy (2003)"	1
"Star Wars Jedi Knight: Jedi Academy ()"	1
"Star Wars Jedi Knight II: Jedi Outcast ()"	1
"Star Wars Jedi Knight: Dark Forces II ()"	1
"Star Wars: Galaxy of Heroes ()"	1
"Star Trek: Starfleet Academy (1997)"	1
"Starsector ()"	1
"Star Saviors ()"	1
"Star Ruler 2 (2014)"	1
"Starpoint Gemini 2 (2014)"	1
"Star Made (2014)"	1
"StarCraft II: Heart of the Swarm (2013)"	1
"Starcraft: Brood War (2000)"	1
"Stairs (2015)"	1
"Spirits of Xanadu ()"	1
"Spirited Heart Deluxe ()"	1
"Spiral Knights (2011)"	1
"(???) Spider Solitaire ()"	1
"Sphero BB-8 app ()"	1
"(???) Spellforce: Platinum Collection ()"	1
"Space Pirates and Zombies (2011)"	1
"Space Channel 5 (1999)"	1
"SpaceBase DF-9 (2013)"	1
"(???) South Park ()"	1
"Soul Calibur V (2013)"	1
"Soul Calibur III (2005)"	1
"(???) Sonstige Free2Play Games ()"	1
"Sonic Lost World ()"	1
"Sonic Generations (2011)"	1
"Software Inc. ()"	1
"SNOW (2014)"	1
"Sniper Elite: Berlin 1945 ()"	1
"(???) SNES-Emulator (verschiedene Spiele) ()"	1
"Skyhill (2015)"	1
"Skyforge ()"	1
"SimplePlanes ()"	1
"Sim Farm ()"	1
"SimCity 4 ()"	1
"Silver (1999)"	1
"(???) Silent Hill 3 + 4 ()"	1
"(???) Siedler ()"	1
"Sid Meier's Civilization IV: Colonization (2008)"	1
"Sid Meier's Civilization II (1996)"	1
"Sid Meier's Alpha Centauri (1999)"	1
"Shower With Your Dad Simulator 2015: Do You Still Shower With Your Dad? ()"	1
"Shovel Knight (2014)"	1
"ShootMania Storm (2013)"	1
"Shiny Days ()"	1
"Shin Megami Tensei: Persona 4 (2008)"	1
"Shin Megami Tensei: Imagine ()"	1
"Shin Megami Tensei: Devil Survivor 2 - Record Breaker (2015)"	1
"Shenmue (2000)"	1
"Shantae and the Pirate's Curse (2015)"	1
"Shakes & Fidget – The Game (2009)"	1
"Shadow Warrior (1997) (1997)"	1
"Shadowrun Returns (2013)"	1
"Serious Sam II (2005)"	1
"Senran Kagura Burst (2014)"	1
"Secret Files: Sam Peters (2013)"	1
"Scribblenauts Unmasked: A DC Comics Adventure (2013)"	1
"Schafkopf ()"	1
"Saw (2009)"	1
"Savage Island (1981)"	1
"Sanctum 2 (2013)"	1
"Sanctum (2012)"	1
"Samurai Warriors 4-II (2015)"	1
"Sakura Angels ()"	1
"(???) Saints Row V ()"	1
"Saints Row: Gat Out Of Hell (2015)"	1
"Saints Row 2 (2008)"	1
"S4 League (2006)"	1
"RymdResa ()"	1
"Runescape (1999)"	1
"Roommates (2014)"	1
"Rollers of the Realm (2014)"	1
"RollerCoaster Tycoon 3 (2004)"	1
"Rogue Legacy (2014)"	1
"Rocketbirds: Hardboiled Chicken (2013)"	1
"Rock Band 4 ()"	1
"Rock Band 3 (2010)"	1
"Roblox ()"	1
"Rise of Venice (2015)"	1
"Ride (2015)"	1
"rFactor 2 (2015)"	1
"Reus (2013)"	1
"République Remastered ()"	1
"Red Orchestra: Ostfront 41-45 (2006)"	1
"Red Faction: Armageddon (2011)"	1
"Rayman Legends (0)"	1
"Rayman 2: The Great Escape (1999)"	1
"Raumschiff Titanic (1998)"	1
"Ratchet & Clank: Quest for Booty (2008)"	1
"Rampage Knights ()"	1
"Race Driver GRID (2008)"	1
"Quake: The Offering ()"	1
"Quake 4 (2011)"	1
"Puzzle Agent (2010)"	1
"Psychonauts (2005)"	1
"Prototype (2009)"	1
"Prominence (2015)"	1
"(???) Professor Layton ()"	1
"(???) Pro Evolution Soccer ()"	1
"Prison Architec ()"	1
"Prince of Persia: Warrior Within (2004)"	1
"Prince of Persia: The Sands of Time (2009)"	1
"Prime World: Defenders (2013)"	1
"Pre-Civilization Marble Age ()"	1
"Post Mortem (2011)"	1
"Postal III (2012)"	1
"(???) Postal ()"	1
"Portal Stories: Mel ()"	1
"(???) Portal / Portal 2 ()"	1
"(???) Portal 1/2 ()"	1
"Pokémon Super Mystery Dungeon (2016)"	1
"Pokémon Shuffle ()"	1
"Pokémon Picross ()"	1
"Plants vs. Zombies: Garden Warfare (2014)"	1
"Plants vs. Zombies (2009)"	1
"PlanetSide (2003)"	1
"Planet Explorers ()"	1
"Planetary Annihilation (2014)"	1
"Plague Inc. Evolved (2014)"	1
"Pixel Puzzles 2: Anime ()"	1
"Pinball FX (2007)"	1
"Pinball Dreams (1993)"	1
"Pillars of eternity (2016)"	1
"Phoenix Wright - Ace Attorney: Justice for All ()"	1
"Phantasy Star Online (2000)"	1
"Persona Q: Shadow of the Labyrinth (2014)"	1
"PCF13 ()"	1
"Payday: The Heist (2011)"	1
"Pathologic Classic HD ()"	1
"Parkan 2 ()"	1
"Panzer Corps: Wehrmacht ()"	1
"Our Love Will Grow ()"	1
"Otherland MMO ()"	1
"ORION: Prelude (2012)"	1
"Orion: A Sci-Fi Visual Novel (2015)"	1
"Orcs Must Die! 2 (2012)"	1
"OpenTTD (2010)"	1
"OpenRA ()"	1
"Online Fussball Manager ()"	1
"One More Dungeon ()"	1
"One Button Travel ()"	1
"Omerta - City of Gangsters ()"	1
"OlliOlli (2014)"	1
"Oddworld: Abe's Oddysee (1997)"	1
"Oceanhorn: Monster of Uncharted Seas (2015)"	1
"Nuclear Dawn (2011)"	1
"Nosgoth (2014)"	1
"Nobunaga's Ambition: Sphere of Influence (2015)"	1
"Ni no Kuni: Der Fluch der weißen Königin (2013)"	1
"(???) Ni No Kuni ()"	1
"NieR (2010)"	1
"Nidhogg (2014)"	1
"New Super Mario Bros. U (2012)"	1
"NEO Scavenger (2014)"	1
"NEON STRUCT ()"	1
"Neo Magazin Game Royale: Jäger der verlorenen Glatze ()"	1
"Nekopara ()"	1
"Need for Speed: Rivals (2013)"	1
"Need For Speed Most Wanted 5-1-0 ()"	1
"Need for Speed: Most Wanted (2005)"	1
"NBA 2K14 (2013)"	1
"NASCAR Racing 2003 Season (2003)"	1
"Naruto Shippuden: Ultimate Ninja Storm Revolution (2014)"	1
"Mount & Blade: With Fire and Sword (2011)"	1
"Mordheim: City of the Damned (2015)"	1
"Monstrum (2007)"	1
"Monopoly Slots ()"	1
"Monkey Island 2: LeChuck’s Revenge ()"	1
"Monaco: What's Yours Is Mine (2013)"	1
"Monaco: What's Yours is Mine (2013)"	1
"Missing Translation ()"	1
"Mini Metro (2015)"	1
"Minetest (2011)"	1
"Might & Magic: Heroes VI ()"	1
"Might & Magic Duel of Champions (2013)"	1
"Might and Magic III: Isles of Terra (1991)"	1
"Microsoft Flight Simulator X: Steam Edition (2014)"	1
"Miasmata (2012)"	1
"Metro: Last Light Redux (2013)"	1
"Metroid: Zero Mission (2004)"	1
"Metroid Prime 3: Corruption (2007)"	1
"Metro 2033 Redux (2014)"	1
"(???) Metro ()"	1
"Metin2 ()"	1
"Metal Gear Solid V: Ground Zeroes (2014)"	1
"Metal Gear (1988)"	1
"Men of War: Assault Squad (2011)"	1
"Meltdown (1990)"	1
"Medieval Engineers ()"	1
"MechCommander 2 ()"	1
"MechCommander ()"	1
"(???) Max Max ()"	1
"Master of Magic (1994)"	1
"Marvel Puzzle Quest ()"	1
"Marvel Heroes 2015 (2014)"	1
"Mario Party: Island Tour (2014)"	1
"Mario & Luigi: Paper Jam ()"	1
"Mario Kart 64 (1996)"	1
"Manhunt (2004)"	1
"MahJong (2012)"	1
"Magrunner: Dark Pulse (2013)"	1
"(???) Magic: The Gathering - Duels ()"	1
"Magicite (2014)"	1
"(???) Magic Arena ()"	1
"Mad Games Tycoon ()"	1
"LuftrauserS (2014)"	1
"Lovely Planet (2014)"	1
"Lost Odyssey (2008)"	1
"Lost Horizon (2010)"	1
"Lord of the Dark Castle ()"	1
"Loadout (2014)"	1
"Little Inferno (2013)"	1
"LIMBO (2012)"	1
"Life of Pixel (2013)"	1
"Lichdom: Battlemage (2014)"	1
"Leisure Suit Larry in the Land of the Lounge Lizards (1987)"	1
"LEGO Worlds ()"	1
"LEGO The Hobbit (2013)"	1
"Lego Jurassic World (2015)"	1
"LEGO Der Hobbit (2014)"	1
"Legends of Eisenwald (2015)"	1
"Legend of Grimrock II (2014)"	1
"Legacy Tales: Mercy of the Gallows ()"	1
"(???) Left 4 ()"	1
"Layers of Fear (2016)"	1
"Last Chaos (2009)"	1
"Larva Mortus (2009)"	1
"Lara Croft und der Tempel des Osiris (2014)"	1
"Lara Croft: Relic Run ()"	1
"Lara Croft GO (2015)"	1
"Kung Fury: Street Rage (2015)"	1
"Kult: Heretic Kingdoms (2004)"	1
"Kraven Manor (2014)"	1
"KNetWalk ()"	1
"Kirby's Adventure Wii (2011)"	1
"Kingdom under Fire (2000)"	1
"Kingdoms of Amalur: Reckoning (2012)"	1
"Kingdom Rush (2011)"	1
"Kingdom: New Lands ()"	1
"Kingdom Hearts II.5 HD ReMIX ()"	1
"Kingdom Hearts 358/2 Days (2009)"	1
"Kingdom Hearts (2002)"	1
"Kholat (2016)"	1
"Just cause 3 (2015)"	1
"just cause 3 (2015)"	1
"Judge Dredd: Dredd vs. Death (2005)"	1
"Journey (2012)"	1
"Jolly Rover (2010)"	1
"Joe Danger 2: The Movie (2012)"	1
"Jewels ()"	1
"Jet Force Gemini (1999)"	1
"Jagged Alliance 2 (2006)"	1
"Jade Empire (2005)"	1
"Jade Dynasty ()"	1
"Ittle Dew (2012)"	1
"Iron Front: Liberation 1944 (2012)"	1
"Iron Brigade (2011)"	1
"Interplanetary ()"	1
"Intergalactic Bubbles ()"	1
"Infinifactory ()"	1
"inFAMOUS: Second Son (2014)"	1
"InFamous: First Light (2014)"	1
"IL-2 Sturmovik: Cliffs of Dover (2011)"	1
"iBomber Defense (2011)"	1
"Hurtworld ()"	1
"Hunted: The Demon's Forge (2011)"	1
"HungryCat Mahjong ()"	1
"Homeworld Remastered Collection ()"	1
"Holy Potatoes! A Weapon Shop?! ()"	1
"Holy Avatar vs. Maidens of the Dead (2012)"	1
"Hitman: Contracts (2005)"	1
"(???) Hitman ()"	1
"Higurashi When They Cry Hou: Ch.2 - Watanagashi (2015)"	1
"Heroes of Might and Magic V (2006)"	1
"Heroes Charge (0)"	1
"Heavy Rain (2016)"	1
"Heavenly Sword (2007)"	1
"Hearts of Iron II (2005)"	1
"Hearthlands ()"	1
"Hay Day (2012)"	1
"Haxball (0)"	1
"Hatsune Miku: Project DIVA F 2nd (2014)"	1
"Harvest Moon - Baum der Stille ()"	1
"Harry Potter und der Feuerkelch (2005)"	1
"Hard Reset (Extended Edition) (2012)"	1
"HammerFall ()"	1
"Halo - The Master Chief Collection ()"	1
"Halo: Combat Evolved (2001)"	1
"Halo 4 (2012)"	1
"Half minute Hero: Super Mega Neo Climax Ultimate Boy ()"	1
"(???) Half-Life 2 Mods ()"	1
"Half-Life 2: Episode Two (2007)"	1
"Hack 'n' Slash (2014)"	1
"Hacker Evolution (2010)"	1
"Guns, Gore & Cannoli (2015)"	1
"Guitar Hero Live (2015)"	1
"(???) Guitar Hero / Band Hero ()"	1
"(???) Guitar Hero ()"	1
"GUILTY GEAR XX ACCENT CORE PLUS R ()"	1
"Guilty Gear Xrd (2014)"	1
"Guild Wars (2005)"	1
"Guardians of Orion ()"	1
"GTR 2: FIA GT Racing Game (2012)"	1
"GT Legends (2012)"	1
"Grow Home (2015)"	1
"Grimm ()"	1
"Grim Fandango Remastered (2015)"	1
"Grim Fandango (1998)"	1
"Grey Goo (2015)"	1
"Gran Turismo 5 (2010)"	1
"Grand Theft Auto: Vice City (2003)"	1
"Grandia® II Anniversary Edition ()"	1
"Grandia II (2002)"	1
"Grandia (1999)"	1
"Goodgame Big Farm ()"	1
"GODUS ()"	1
"God of War III Remastered (2015)"	1
"God of War III (2010)"	1
"Goal One - DFB Fußball Manager ()"	1
"Gemini Rue (2011)"	1
"GemCraft - Chasing Shadows ()"	1
"Gears of War: Ultimate Edition (2015)"	1
"Gears of War (2006)"	1
"GearCity ()"	1
"Garou Mark of the Wolves (2001)"	1
"Gang Beasts (2014)"	1
"(???) Gameboy-Advance-Emulator (verschiedene Spiele) ()"	1
"Galactic Civilizations II (2009)"	1
"Galactic Civilization III ()"	1
"Gabriel Knight: Sins of the Fathers (1994)"	1
"Gabriel Knight 3: Blood of the Sacred, Blood of the Damned (1999)"	1
"Frozen Synapse (2011)"	1
"Freedom Planet (2014)"	1
"(???) Free Cell ()"	1
"F.P.S. ()"	1
"Forza Motorsport 4 (2011)"	1
"Forza Horizon 2 (2014)"	1
"Forza Horizon (2012)"	1
"Forge ()"	1
"FootLOL: Epic Fail League (2014)"	1
"FlatOut (2007)"	1
"Fist Puncher (2013)"	1
"Fishdom - Holiday Edition ()"	1
"Final Fantasy XIII-2 (2012)"	1
"Final Fantasy X HD Remaster (2014)"	1
"Final Fantasy X (2002)"	1
"Final Fantasy Tactics (1998)"	1
"Final Fantasy Record Keeper ()"	1
"Final Fantasy IX (2000)"	1
"Fight the Dragon ()"	1
"FIFA 11 (2010)"	1
"Fez (2014)"	1
"F.E.A.R. 3 (2011)"	1
"Fe ()"	1
"Fate/Grand Order ()"	1
"FarmVille 2 (0)"	1
"Fallen Earth ()"	1
"Falcon 4.0 (1998)"	1
"Fahrenheit (2005)"	1
"Faery: Legends of Avalon (2010)"	1
"Fable II (2008)"	1
"F1 2012 (2012)"	1
"Eye of the Beholder ()"	1
"Evoland 2 ()"	1
"EvoCreo ()"	1
"EverQuest II (2004)"	1
"Everlasting Summer (2014)"	1
"Evel Knievel (1999)"	1
"Euro Fishing ()"	1
"Eschalon: Book I (2009)"	1
"Escape from Monkey Island (2001)"	1
"Epic Battle Fantasy 4 (2014)"	1
"(???) Envolve ()"	1
"Endless Space ()"	1
"Enclave (2003)"	1
"Empire Earth (2001)"	1
"Elite Frontier ()"	1
"Elite Dangerous: Horizons ()"	1
"(???) efsfef ()"	1
"Earn to Die 2: Exodus ()"	1
"Dyad (2012)"	1
"Duskers ()"	1
"Dungeon Siege (2002)"	1
"Dungeon Defenders (2011)"	1
"Duke Nukem Forever (2011)"	1
"Duke Nukem (2012)"	1
"DuckTales: Remastered ()"	1
"Duck Game ()"	1
"Drunken Robot Pornography (2014)"	1
"Driver: San Francisco (2011)"	1
"Driver: Parallel Lines (2006)"	1
"Drakensang Online ()"	1
"Drakensang: Am Fluss der Zeit ()"	1
"(???) Dragons World ()"	1
"Dragon's Dogma (2012)"	1
"Dragon Quest IX: Hoshizora no Mamoribito (2009)"	1
"Dragon Quest III ()"	1
"dragon quest heroes (2015)"	1
"Dragon Fin Soup (2015)"	1
"Dragon Ball Z: Hyper Dimension (1996)"	1
"Dragon Ball Z - Dokkan Battle ()"	1
"(???) Dragonball ()"	1
"Downwell (2015)"	1
"Double Dragon Neon (2012)"	1
"(???) DosBoxV ()"	1
"Doom II (1994)"	1
"Donkey Kong Country: Tropical Freeze (2014)"	1
"Dominions 4: Thrones of Ascension (2013)"	1
"Dominion ()"	1
"Domination (2005)"	1
"Doctor Who: The Adventure Games ()"	1
"Doctor Who: Legacy (2013)"	1
"Divinity: Dragon Commander (2013)"	1
"Divine Slice of Life (2015)"	1
"(???) Diverse FB Spiele ()"	1
"Distant Worlds (2011)"	1
"DiRt Rally (2015)"	1
"Dig Or Die ()"	1
"Die Sims: Mittelalter (2011)"	1
"Die Siedler Online (2012)"	1
"Die Siedler III (1998)"	1
"Die Siedler II: Die nächste Generation (2006)"	1
"Die Siedler - Aufbruch der Kulturen ()"	1
"Diddy Kong Racing (1997)"	1
"Diablo II: Lord of Destruction (2001)"	1
"Dex (2015)"	1
"Devils & Demons ()"	1
"Devil May Cry 4 (2008)"	1
"Descent (1997)"	1
"Der Patrizier (1992)"	1
"(???) Deponia Complete Saga ()"	1
"Democracy 3 (2013)"	1
"Defiance (2013)"	1
"Defense Grid 2 (2014)"	1
"Deep Dungeons of Doom ()"	1
"Dead Rising 2: Off the Record (2011)"	1
"Dead Pixels (2011)"	1
"Dead or Alive 5 Last Round (2015)"	1
"Dead or alive 5 last round (2015)"	1
"Dead or Alive 5 (2012)"	1
"Dead Man's Draw (2014)"	1
"Dead In Bermuda (2015)"	1
"Dead Frontier ()"	1
"Deadfall Adventures (2013)"	1
"Dead Effect (2014)"	1
"DAYZ (2013)"	1
"Daylight (2014)"	1
"Das Schwarze Auge: Schicksalsklinge (2013)"	1
"Das Schwarze Auge: Drakensang (2008)"	1
"Darkness Reborn (0)"	1
"Dark Messiah: Might and Magic (2006)"	1
"Darkest Hour: A Hearts of Iron Game (2011)"	1
"Curse of the Azure Bonds ()"	1
"Cthulhu Saves the World (2010)"	1
"Cry of Fear (2013)"	1
"Crusaders Of the Lost Idols ()"	1
"Crookz - The Big Heist ()"	1
"Crash Team Racing (1999)"	1
"Crash of the Titans (2007)"	1
"(???) Crash Bandicoot 2 ()"	1
"Craft The World (2014)"	1
"(???) Counter ()"	1
"Cossacks: Back to War (2004)"	1
"Cook, Serve, Delicious! (2013)"	1
"Contraption Maker (2014)"	1
"Construction Simulator 2015 (2014)"	1
"(???) Commander Keen Complete Pack ()"	1
"Command & Conquer: Red Alert 2 (2000)"	1
"Command & Conquer: Alarmstufe Rot (1996)"	1
"Command & Conquer 4: Tiberian Twilight (2010)"	1
"Command & Conquer 3: Tiberium Wars (2006)"	1
"Command & Conquer (1995)"	1
"Codename CURE ()"	1
"Cobalt ()"	1
"Club Manager 2016 ()"	1
"Closure (2012)"	1
"(???) Civilization 5 beyond earth ()"	1
"(???) Civilisation Serie ()"	1
"Cities in Motion 2 (2013)"	1
"Circuits (2014)"	1
"Chrono Trigger (2008)"	1
"Chaser (2010)"	1
"Chaos auf Deponia (2012)"	1
"Chantelise - A Tale of Two Sisters ()"	1
"Champions Online (2009)"	1
"Chainsaw Warrior (2013)"	1
"Cat Goes Fishing (2015)"	1
"Catacomb Kids ()"	1
"Castlevania: Order of Ecclesia (2009)"	1
"Carmageddon: Reincarnation (2015)"	1
"Candy Crush Soda Saga (2014)"	1
"Call to Arms ()"	1
"Call of Juarez: The Cartel (2011)"	1
"Call of Juarez (2006)"	1
"Call of Duty 3 (2006)"	1
"(???) C ()"	1
"Burnout: Paradise (2008)"	1
"Burnout (2002)"	1
"Bully: Scholarship Edition (2008)"	1
"Bulb Boy ()"	1
"Brink (2011)"	1
"Breach & Clear (2014)"	1
"BRAWL ()"	1
"(???) Bout 2 ()"	1
"Bound by Flame (2014)"	1
"(???) Borderlands serie ()"	1
"(???) Borderlands 1/2 ()"	1
"Bloons TD 5 (2014)"	1
"BloodRayne 2 (2006)"	1
"(???) Blitzkrieg Anthology ()"	1
"(???) Bioshock Reihe ()"	1
"(???) Binding of Isaac Rebirth Afterbirht ()"	1
"Binary Domain (2012)"	1
"Big Pharma ()"	1
"Betrayer (2014)"	1
"Besiege ()"	1
"Beat Hazard (2010)"	1
"Barter Empire (2014)"	1
"Baphomets Fluch (2008)"	1
"Baldur's Gate II: Enhanced Edition ()"	1
"Badlands (2005)"	1
"Azure Striker Gunvolt ()"	1
"Avalanche 2: Super Avalanche ()"	1
"Auralux ()"	1
"Aura Kingdom (2013)"	1
"Audiosurf: Ride Your Music (2008)"	1
"Audiosurf 2 (2013)"	1
"Atomas ()"	1
"Atelier Rorona Plus: The Alchemist of Arland (2014)"	1
"Asura's Wrath (2012)"	1
"A Story About My Uncle (2014)"	1
"Asterix & Obelix XXL ()"	1
"Assault Android Cactus (2013)"	1
"Asphalt 8: Airborne (0)"	1
"(???) ArmoredWarfare ()"	1
"ArmA: Armed Assault (2006)"	1
"ArcheBlade (2014)"	1
"ArcheAge (2013)"	1
"Arcania: Gothic 4 (2010)"	1
"Arcana Heart 3 LOVE MAX!!!!! ()"	1
"Antichamber (2013)"	1
"Anno Online ()"	1
"Anno 1602: Erschaffung einer neuen Welt (2005)"	1
"Anno 1503 (2006)"	1
"Anno 1404: Venice (2010)"	1
"(???) Anno ()"	1
"Anna's Quest (2015)"	1
"A New Beginning (2012)"	1
"(???) andere viele Spiele (Nicht-Steam) ()"	1
"(???) andere viele Spiele ()"	1
"Anarchy Online (2004)"	1
"(???) Amored Warfrare ()"	1
"(???) Amored Warfare ()"	1
"Among the Sleep (2015)"	1
"Amnesia: The Dark Descent (2011)"	1
"American McGee's Alice (2011)"	1
"Alpha Protocol (2010)"	1
"Aliens vs Predator (2010) ()"	1
"Aliens vs. Predator (1999) ()"	1
"Albion Online ()"	1
"Aion (2009)"	1
"Age Of Wonders (1999)"	1
"Age of Mythology (2002)"	1
"(???) Age of Conan ()"	1
"agar.io ()"	1
"Agarest Generation of War: Zero ()"	1
"Adventure (1979)"	1
"Abyss Odyssey (2014)"	1
"7,62 High Calibre ()"	1
"(???) 2ft3r23 ()"	1
"2048 ()"	1
"1954 Alcatraz ()"	1
